AgentID,NomComplet,VilleAffectation,Agence
Agent_001,Mohamed Camara,Conakry,Conakry
Agent_002,Fatoumata Diallo,Conakry,Conakry
Agent_003,Ibrahima Bah,Labé,Labé
Agent_004,Aissatou Sylla,Kankan,Kankan
Agent_005,Mariam Keita,Nzérékoré,Nzérékoré
Agent_006,Sékou Traoré,Kindia,Kindia
Agent_007,Oumou Barry,Labé,Labé
Agent_008,Mamadou Sow,Kankan,Kankan
Agent_009,Aminata Condé,Nzérékoré,Nzérékoré
Agent_010,Boubacar Diallo,Conakry,Conakry
Agent_011,Fanta Camara,Kindia,Kindia
Agent_012,Alpha Bah,Labé,Labé
Agent_013,Kadiatou Diallo,Kankan,Kankan
Agent_014,Moussa Keita,Nzérékoré,Nzérékoré
Agent_015,Hawa Barry,Conakry,Conakry
Agent_016,Abdoulaye Sow,Kindia,Kindia
Agent_017,Saran Traoré,Labé,Labé
Agent_018,Mariam Bah,Kankan,Kankan
Agent_019,Ibrahima Sylla,Nzérékoré,Nzérékoré
Agent_020,Fatou Diallo,Conakry,Conakry
Agent_021,Mamoudou Camara,Kindia,Kindia
Agent_022,Aicha Keita,Labé,Labé
Agent_023,Sékou Barry,Kankan,Kankan
Agent_024,Aminata Sow,Nzérékoré,Nzérékoré
Agent_025,Mohamed Diallo,Conakry,Conakry
Agent_026,Fanta Bah,Kindia,Kindia
Agent_027,Oumar Traoré,Labé,Labé
Agent_028,Kadiatou Sylla,Kankan,Kankan
Agent_029,Moussa Camara,Nzérékoré,Nzérékoré
Agent_030,Hawa Keita,Conakry,Conakry
Agent_031,Abdoulaye Barry,Kindia,Kindia
Agent_032,Saran Sow,Labé,Labé
Agent_033,Mariam Diallo,Kankan,Kankan
Agent_034,Ibrahima Traoré,Nzérékoré,Nzérékoré
Agent_035,Fatoumata Bah,Conakry,Conakry
Agent_036,Mamadou Sylla,Kindia,Kindia
Agent_037,Aminata Camara,Labé,Labé
Agent_038,Boubacar Keita,Kankan,Kankan
Agent_039,Oumou Barry,Nzérékoré,Nzérékoré
Agent_040,Sékou Diallo,Conakry,Conakry
Agent_041,Fanta Traoré,Kindia,Kindia
Agent_042,Alpha Sow,Labé,Labé
Agent_043,Kadiatou Bah,Kankan,Kankan
Agent_044,Moussa Sylla,Nzérékoré,Nzérékoré
Agent_045,Hawa Camara,Conakry,Conakry
Agent_046,Abdoulaye Keita,Kindia,Kindia
Agent_047,Mariam Barry,Labé,Labé
Agent_048,Ibrahima Diallo,Kankan,Kankan
Agent_049,Fatoumata Traoré,Nzérékoré,Nzérékoré
Agent_050,Mamadou Bah,Conakry,Conakry